N,P,K,crop,fertilizer
90,40,40,rice,Urea
70,50,45,wheat,DAP
85,35,30,maize,Urea
60,55,40,wheat,DAP
40,60,20,sugarcane,SSP
30,30,50,cotton,MOP
95,20,20,rice,Urea
50,45,35,barley,NPK
65,50,50,wheat,DAP
20,25,60,banana,MOP
80,30,30,maize,Urea
55,60,25,sugarcane,SSP
45,40,45,cotton,NPK
100,20,10,rice,Urea
35,50,55,banana,MOP
75,45,40,wheat,DAP
25,35,65,vegetables,MOP
60,40,30,maize,NPK
85,25,25,rice,Urea
50,50,50,cotton,NPK
30,60,20,sugarcane,SSP
70,40,35,wheat,DAP
90,30,20,maize,Urea
40,45,55,banana,MOP
55,35,40,vegetables,NPK
65,55,30,sugarcane,DAP
95,15,15,rice,Urea
20,40,70,banana,MOP
75,50,45,wheat,DAP
35,65,25,sugarcane,SSP
45,30,50,cotton,NPK
88,22,18,rice,Urea
58,48,38,maize,DAP
28,38,68,banana,MOP
62,42,32,wheat,NPK
78,52,42,cotton,DAP
33,63,23,sugarcane,SSP
92,18,12,rice,Urea
48,58,28,vegetables,NPK
68,44,36,wheat,DAP
22,32,72,banana,MOP
82,28,26,maize,Urea
52,62,22,sugarcane,SSP
42,38,48,cotton,NPK
98,12,8,rice,Urea
38,52,58,banana,MOP
72,46,44,wheat,DAP
26,36,66,vegetables,MOP
64,41,31,maize,NPK
86,24,24,rice,Urea
54,54,54,cotton,NPK
32,58,18,sugarcane,SSP
74,42,37,wheat,DAP
91,29,19,maize,Urea
41,46,56,banana,MOP
57,36,41,vegetables,NPK
67,56,29,sugarcane,DAP
96,14,14,rice,Urea
24,42,74,banana,MOP
76,51,46,wheat,DAP
36,66,24,sugarcane,SSP
46,31,51,cotton,NPK
89,21,17,rice,Urea
59,49,39,maize,DAP
29,39,69,banana,MOP
63,43,33,wheat,NPK
79,53,43,cotton,DAP
34,64,22,sugarcane,SSP
93,17,11,rice,Urea
49,59,29,vegetables,NPK
69,45,37,wheat,DAP
23,33,73,banana,MOP
83,27,27,maize,Urea
53,63,21,sugarcane,SSP
43,39,49,cotton,NPK
99,11,9,rice,Urea
39,53,59,banana,MOP
73,47,43,wheat,DAP
27,37,67,vegetables,MOP
66,43,34,maize,NPK
87,26,23,rice,Urea
56,55,53,cotton,NPK
31,57,19,sugarcane,SSP
71,41,36,wheat,DAP
94,19,13,maize,Urea
44,47,57,banana,MOP
58,37,42,vegetables,NPK
68,57,28,sugarcane,DAP
97,13,15,rice,Urea
21,41,71,banana,MOP
77,52,47,wheat,DAP
37,67,26,sugarcane,SSP
47,32,52,cotton,NPK
84,23,21,maize,Urea
51,61,23,sugarcane,SSP
61,44,34,wheat,NPK
81,31,29,rice,Urea
